lead_id,name,status,created_at,contacted_at,assigned_to,source,campaign,appointment_at,attended_at,revenue
SAMPLE-0001,Aarav Mehta,QUALIFIED,2026-09-23T00:00:00Z,2026-09-23T00:12:00Z,,,,,,
SAMPLE-0002,Anaya Mehta,NO_SHOW,2026-09-15T23:00:00Z,2026-09-15T23:25:00Z,Vikram,Meta Ads,Search Intent,2026-09-18T00:00:00Z,,
SAMPLE-0003,Arjun Mehta,CONTACTED,2026-09-08T22:00:00Z,2026-09-08T22:45:00Z,Leena,Referral,Referral Drive,,,
SAMPLE-0004,Aditi Mehta,CONTACTED,2026-09-01T21:00:00Z,2026-09-01T22:00:00Z,Rakesh,Website,Product Launch,,,
SAMPLE-0005,Dev Mehta,ATTENDED,2026-09-18T20:00:00Z,2026-09-18T21:01:00Z,Maya,Organic Search,Local Outreach,2026-09-21T00:00:00Z,2026-09-21T00:35:00Z,
SAMPLE-0006,Diya Mehta,NEW,2026-09-12T19:00:00Z,,Imran,WhatsApp,September Follow-up,,,
SAMPLE-0007,Ishaan Mehta,ATTENDED,2026-09-05T18:00:00Z,2026-09-05T20:30:00Z,Aisha,LinkedIn,Q3 Awareness,2026-09-08T00:00:00Z,2026-09-08T00:20:00Z,
SAMPLE-0008,Isha Mehta,CONTACTED,2026-08-29T17:00:00Z,2026-08-29T22:10:00Z,,Direct,Search Intent,,,
SAMPLE-0009,Kabir Mehta,ATTENDED,2026-09-16T16:00:00Z,2026-09-16T16:12:00Z,Leena,Google Ads,Referral Drive,2026-09-19T00:00:00Z,2026-09-19T00:50:00Z,
SAMPLE-0010,Kavya Mehta,NEW,2026-09-09T15:00:00Z,,Rakesh,Meta Ads,Product Launch,,,
SAMPLE-0011,Mira Mehta,CONTACTED,2026-09-02T14:00:00Z,2026-09-02T14:45:00Z,Maya,Referral,Local Outreach,,,
SAMPLE-0012,Neel Mehta,APPOINTMENT,2026-09-20T13:00:00Z,2026-09-20T14:00:00Z,Imran,,September Follow-up,2026-09-22T15:00:00Z,,
SAMPLE-0013,Nikhil Mehta,CONTACTED,2026-09-14T00:00:00Z,2026-09-14T01:01:00Z,Aisha,Organic Search,Q3 Awareness,,,
SAMPLE-0014,Nisha Mehta,CONTACTED,2026-09-06T23:00:00Z,2026-09-07T00:25:00Z,Vikram,WhatsApp,,,,
SAMPLE-0015,Priya Mehta,APPOINTMENT,2026-08-30T22:00:00Z,2026-08-31T00:30:00Z,,LinkedIn,Referral Drive,2026-09-02T03:00:00Z,,
SAMPLE-0016,Rahul Mehta,LOST,2026-09-17T21:00:00Z,2026-09-18T02:10:00Z,Rakesh,Direct,Product Launch,,,
SAMPLE-0017,Riya Mehta,APPOINTMENT,2026-09-10T20:00:00Z,2026-09-10T20:12:00Z,Maya,Google Ads,Local Outreach,2026-09-13T03:00:00Z,,
SAMPLE-0018,Rohan Mehta,APPOINTMENT,2026-09-03T19:00:00Z,2026-09-03T19:25:00Z,Imran,Meta Ads,September Follow-up,2026-09-06T03:00:00Z,,
SAMPLE-0019,Sahil Mehta,NEW,2026-09-21T18:00:00Z,,Aisha,Referral,Q3 Awareness,,,
SAMPLE-0020,Sana Mehta,NEW,2026-09-14T17:00:00Z,,,Website,Search Intent,,,
SAMPLE-0021,Tara Mehta,WON,2026-09-07T16:00:00Z,2026-09-07T17:01:00Z,Leena,Organic Search,Referral Drive,2026-09-09T18:00:00Z,2026-09-09T18:50:00Z,29660.00
SAMPLE-0022,Vihaan Mehta,QUALIFIED,2026-08-31T15:00:00Z,2026-08-31T16:25:00Z,,WhatsApp,Product Launch,,,
SAMPLE-0023,Zoya Mehta,QUALIFIED,2026-09-18T14:00:00Z,2026-09-18T16:30:00Z,Maya,,Local Outreach,,,
SAMPLE-0024,Farhan Mehta,NEW,2026-09-11T13:00:00Z,,Imran,Direct,September Follow-up,,,
SAMPLE-0025,Meera Mehta,CONTACTED,2026-09-05T00:00:00Z,2026-09-05T00:12:00Z,Aisha,Google Ads,Q3 Awareness,,,
SAMPLE-0026,Reyansh Mehta,CONTACTED,2026-09-22T23:00:00Z,2026-09-22T23:25:00Z,Vikram,Meta Ads,Search Intent,,,
SAMPLE-0027,Siya Mehta,CONTACTED,2026-09-15T22:00:00Z,2026-09-15T22:45:00Z,Leena,Referral,,,,
SAMPLE-0028,Tanvi Mehta,CONTACTED,2026-09-08T21:00:00Z,2026-09-08T22:00:00Z,Rakesh,Website,Product Launch,,,
SAMPLE-0029,Yash Mehta,NEW,2026-09-01T20:00:00Z,,,Organic Search,Local Outreach,,,
SAMPLE-0030,Zain Mehta,NO_SHOW,2026-09-18T19:00:00Z,2026-09-18T20:25:00Z,Imran,WhatsApp,September Follow-up,2026-09-20T21:00:00Z,,
SAMPLE-0031,Aarav Shah,QUALIFIED,2026-09-12T18:00:00Z,2026-09-12T20:30:00Z,Aisha,LinkedIn,Q3 Awareness,,,
SAMPLE-0032,Anaya Shah,APPOINTMENT,2026-09-05T17:00:00Z,2026-09-05T22:10:00Z,Vikram,Direct,Search Intent,2026-09-07T21:00:00Z,,
SAMPLE-0033,Arjun Shah,WON,2026-08-29T16:00:00Z,2026-08-29T16:12:00Z,Leena,Google Ads,Referral Drive,2026-08-31T21:00:00Z,2026-08-31T21:50:00Z,38456.00
SAMPLE-0034,Aditi Shah,NEW,2026-09-16T15:00:00Z,,Rakesh,,Product Launch,,,
SAMPLE-0035,Dev Shah,NEW,2026-09-09T14:00:00Z,,Maya,Referral,Local Outreach,,,
SAMPLE-0036,Diya Shah,QUALIFIED,2026-09-02T13:00:00Z,2026-09-02T14:00:00Z,,Website,September Follow-up,,,
SAMPLE-0037,Ishaan Shah,APPOINTMENT,2026-09-21T00:00:00Z,2026-09-21T01:01:00Z,Aisha,Organic Search,Q3 Awareness,2026-09-23T00:00:00Z,,
SAMPLE-0038,Isha Shah,CONTACTED,2026-09-13T23:00:00Z,2026-09-14T00:25:00Z,Vikram,WhatsApp,Search Intent,,,
SAMPLE-0039,Kabir Shah,APPOINTMENT,2026-09-06T22:00:00Z,2026-09-07T00:30:00Z,,LinkedIn,Referral Drive,2026-09-09T00:00:00Z,,
SAMPLE-0040,Kavya Shah,WON,2026-08-30T21:00:00Z,2026-08-31T02:10:00Z,Rakesh,Direct,,2026-09-02T00:00:00Z,2026-09-02T00:20:00Z,18587.00
SAMPLE-0041,Mira Shah,CONTACTED,2026-09-17T20:00:00Z,2026-09-17T20:12:00Z,Maya,Google Ads,Local Outreach,,,
SAMPLE-0042,Neel Shah,LOST,2026-09-10T19:00:00Z,2026-09-10T19:25:00Z,Imran,Meta Ads,September Follow-up,,,
SAMPLE-0043,Nikhil Shah,WON,2026-09-03T18:00:00Z,2026-09-03T18:45:00Z,,Referral,Q3 Awareness,2026-09-06T00:00:00Z,2026-09-06T00:20:00Z,20786.00
SAMPLE-0044,Nisha Shah,ATTENDED,2026-09-18T17:00:00Z,2026-09-18T18:00:00Z,Vikram,Website,Search Intent,2026-09-21T00:00:00Z,2026-09-21T00:35:00Z,
SAMPLE-0045,Priya Shah,NEW,2026-09-14T16:00:00Z,,Leena,,Referral Drive,,,
SAMPLE-0046,Rahul Shah,QUALIFIED,2026-09-07T15:00:00Z,2026-09-07T16:25:00Z,Rakesh,WhatsApp,Product Launch,,,
SAMPLE-0047,Riya Shah,CONTACTED,2026-08-31T14:00:00Z,2026-08-31T16:30:00Z,Maya,LinkedIn,Local Outreach,,,
SAMPLE-0048,Rohan Shah,CONTACTED,2026-09-18T13:00:00Z,2026-09-18T18:10:00Z,Imran,Direct,September Follow-up,,,
SAMPLE-0049,Sahil Shah,CONTACTED,2026-09-12T00:00:00Z,2026-09-12T00:12:00Z,Aisha,Google Ads,Q3 Awareness,,,
SAMPLE-0050,Sana Shah,CONTACTED,2026-09-04T23:00:00Z,2026-09-04T23:25:00Z,,Meta Ads,Search Intent,,,
SAMPLE-0051,Tara Shah,QUALIFIED,2026-09-22T22:00:00Z,2026-09-22T22:45:00Z,Leena,Referral,Referral Drive,,,
SAMPLE-0052,Vihaan Shah,WON,2026-09-15T21:00:00Z,2026-09-15T22:00:00Z,Rakesh,Website,Product Launch,2026-09-18T03:00:00Z,2026-09-18T03:20:00Z,27383.00
SAMPLE-0053,Zoya Shah,CONTACTED,2026-09-08T20:00:00Z,2026-09-08T21:01:00Z,Maya,Organic Search,,,,
SAMPLE-0054,Farhan Shah,NEW,2026-09-01T19:00:00Z,,Imran,WhatsApp,September Follow-up,,,
SAMPLE-0055,Meera Shah,NEW,2026-09-19T18:00:00Z,,Aisha,LinkedIn,Q3 Awareness,,,
SAMPLE-0056,Reyansh Shah,ATTENDED,2026-09-12T17:00:00Z,2026-09-12T22:10:00Z,Vikram,,Search Intent,2026-09-14T18:00:00Z,2026-09-14T18:35:00Z,
SAMPLE-0057,Siya Shah,CONTACTED,2026-09-05T16:00:00Z,2026-09-05T16:12:00Z,,Google Ads,Referral Drive,,,
SAMPLE-0058,Tanvi Shah,NEW,2026-08-29T15:00:00Z,,,Meta Ads,Product Launch,,,
SAMPLE-0059,Yash Shah,NEW,2026-09-16T14:00:00Z,,Maya,Referral,Local Outreach,,,
SAMPLE-0060,Zain Shah,NO_SHOW,2026-09-09T13:00:00Z,2026-09-09T14:00:00Z,Imran,Website,September Follow-up,2026-09-11T18:00:00Z,,
SAMPLE-0061,Aarav Rao,APPOINTMENT,2026-09-03T00:00:00Z,2026-09-03T01:01:00Z,Aisha,Organic Search,Q3 Awareness,2026-09-05T06:00:00Z,,
SAMPLE-0062,Anaya Rao,ATTENDED,2026-09-18T23:00:00Z,2026-09-19T00:25:00Z,Vikram,WhatsApp,Search Intent,2026-09-21T06:00:00Z,2026-09-21T06:35:00Z,
SAMPLE-0063,Arjun Rao,NEW,2026-09-13T22:00:00Z,,Leena,LinkedIn,Referral Drive,,,
SAMPLE-0064,Aditi Rao,WON,2026-09-06T21:00:00Z,2026-09-07T02:10:00Z,,Direct,Product Launch,2026-09-08T21:00:00Z,2026-09-08T21:20:00Z,36179.00
SAMPLE-0065,Dev Rao,QUALIFIED,2026-08-30T20:00:00Z,2026-08-30T20:12:00Z,Maya,Google Ads,Local Outreach,,,
SAMPLE-0066,Diya Rao,CONTACTED,2026-09-17T19:00:00Z,2026-09-17T19:25:00Z,Imran,Meta Ads,,,,
SAMPLE-0067,Ishaan Rao,NEW,2026-09-10T18:00:00Z,,Aisha,,Q3 Awareness,,,
SAMPLE-0068,Isha Rao,APPOINTMENT,2026-09-03T17:00:00Z,2026-09-03T18:00:00Z,Vikram,Website,Search Intent,2026-09-05T21:00:00Z,,
SAMPLE-0069,Kabir Rao,NEW,2026-09-21T16:00:00Z,,Leena,Organic Search,Referral Drive,,,
SAMPLE-0070,Kavya Rao,ATTENDED,2026-09-14T15:00:00Z,2026-09-14T16:25:00Z,Rakesh,WhatsApp,Product Launch,2026-09-16T21:00:00Z,2026-09-16T21:20:00Z,
SAMPLE-0071,Mira Rao,QUALIFIED,2026-09-07T14:00:00Z,2026-09-07T16:30:00Z,,LinkedIn,Local Outreach,,,
SAMPLE-0072,Neel Rao,APPOINTMENT,2026-08-31T13:00:00Z,2026-08-31T18:10:00Z,Imran,Direct,September Follow-up,2026-09-02T21:00:00Z,,
SAMPLE-0073,Nikhil Rao,CONTACTED,2026-09-19T00:00:00Z,2026-09-19T00:12:00Z,Aisha,Google Ads,Q3 Awareness,,,
SAMPLE-0074,Nisha Rao,APPOINTMENT,2026-09-11T23:00:00Z,2026-09-11T23:25:00Z,Vikram,Meta Ads,Search Intent,2026-09-14T00:00:00Z,,
SAMPLE-0075,Priya Rao,APPOINTMENT,2026-09-04T22:00:00Z,2026-09-04T22:45:00Z,Leena,Referral,Referral Drive,2026-09-07T00:00:00Z,,
SAMPLE-0076,Rahul Rao,QUALIFIED,2026-09-22T21:00:00Z,2026-09-22T22:00:00Z,Rakesh,Website,Product Launch,,,
SAMPLE-0077,Riya Rao,QUALIFIED,2026-09-15T20:00:00Z,2026-09-15T21:01:00Z,,Organic Search,Local Outreach,,,
SAMPLE-0078,Rohan Rao,ATTENDED,2026-09-08T19:00:00Z,2026-09-08T20:25:00Z,,,September Follow-up,2026-09-11T00:00:00Z,2026-09-11T00:50:00Z,
SAMPLE-0079,Sahil Rao,NO_SHOW,2026-09-01T18:00:00Z,2026-09-01T20:30:00Z,Aisha,LinkedIn,,2026-09-04T00:00:00Z,,
SAMPLE-0080,Sana Rao,NEW,2026-09-19T17:00:00Z,,Vikram,Direct,Search Intent,,,
SAMPLE-0081,Tara Rao,APPOINTMENT,2026-09-12T16:00:00Z,2026-09-12T16:12:00Z,Leena,Google Ads,Referral Drive,2026-09-15T00:00:00Z,,
SAMPLE-0082,Vihaan Rao,QUALIFIED,2026-09-05T15:00:00Z,2026-09-05T15:25:00Z,Rakesh,Meta Ads,Product Launch,,,
SAMPLE-0083,Zoya Rao,NEW,2026-08-29T14:00:00Z,,Maya,Referral,Local Outreach,,,
SAMPLE-0084,Farhan Rao,NEW,2026-09-16T13:00:00Z,,Imran,Website,September Follow-up,,,
SAMPLE-0085,Meera Rao,APPOINTMENT,2026-09-10T00:00:00Z,2026-09-10T01:01:00Z,,Organic Search,Q3 Awareness,2026-09-12T03:00:00Z,,
SAMPLE-0086,Reyansh Rao,QUALIFIED,2026-09-02T23:00:00Z,2026-09-03T00:25:00Z,Vikram,WhatsApp,Search Intent,,,
SAMPLE-0087,Siya Rao,LOST,2026-09-20T22:00:00Z,2026-09-21T00:30:00Z,Leena,LinkedIn,Referral Drive,,,
SAMPLE-0088,Tanvi Rao,CONTACTED,2026-09-13T21:00:00Z,2026-09-14T02:10:00Z,Rakesh,Direct,Product Launch,,,
SAMPLE-0089,Yash Rao,CONTACTED,2026-09-06T20:00:00Z,2026-09-06T20:12:00Z,Maya,,Local Outreach,,,
SAMPLE-0090,Zain Rao,NEW,2026-08-30T19:00:00Z,,Imran,Meta Ads,September Follow-up,,,
SAMPLE-0091,Aarav Kapoor,APPOINTMENT,2026-09-17T18:00:00Z,2026-09-17T18:45:00Z,Aisha,Referral,Q3 Awareness,2026-09-19T18:00:00Z,,
SAMPLE-0092,Anaya Kapoor,LOST,2026-09-10T17:00:00Z,2026-09-10T18:00:00Z,,Website,,,,
SAMPLE-0093,Arjun Kapoor,ATTENDED,2026-09-03T16:00:00Z,2026-09-03T17:01:00Z,Leena,Organic Search,Referral Drive,2026-09-05T18:00:00Z,2026-09-05T18:50:00Z,
SAMPLE-0094,Aditi Kapoor,ATTENDED,2026-09-18T15:00:00Z,2026-09-18T16:25:00Z,Rakesh,WhatsApp,Product Launch,2026-09-20T18:00:00Z,2026-09-20T18:20:00Z,
SAMPLE-0095,Dev Kapoor,NEW,2026-09-14T14:00:00Z,,Maya,LinkedIn,Local Outreach,,,
SAMPLE-0096,Diya Kapoor,NEW,2026-09-07T13:00:00Z,,,Direct,September Follow-up,,,
SAMPLE-0097,Ishaan Kapoor,NEW,2026-09-01T00:00:00Z,,Aisha,Google Ads,Q3 Awareness,,,
SAMPLE-0098,Isha Kapoor,LOST,2026-09-18T23:00:00Z,2026-09-18T23:25:00Z,Vikram,Meta Ads,Search Intent,,,
SAMPLE-0099,Kabir Kapoor,CONTACTED,2026-09-11T22:00:00Z,2026-09-11T22:45:00Z,,Referral,Referral Drive,,,
SAMPLE-0100,Kavya Kapoor,QUALIFIED,2026-09-04T21:00:00Z,2026-09-04T22:00:00Z,Rakesh,,Product Launch,,,
SAMPLE-0101,Mira Kapoor,NO_SHOW,2026-09-18T20:00:00Z,2026-09-18T21:01:00Z,Maya,Organic Search,Local Outreach,2026-09-20T21:00:00Z,,
SAMPLE-0102,Neel Kapoor,APPOINTMENT,2026-09-15T19:00:00Z,2026-09-15T20:25:00Z,Imran,WhatsApp,September Follow-up,2026-09-17T21:00:00Z,,
SAMPLE-0103,Nikhil Kapoor,QUALIFIED,2026-09-08T18:00:00Z,2026-09-08T20:30:00Z,Aisha,LinkedIn,Q3 Awareness,,,
SAMPLE-0104,Nisha Kapoor,ATTENDED,2026-09-01T17:00:00Z,2026-09-01T22:10:00Z,Vikram,Direct,Search Intent,2026-09-03T21:00:00Z,2026-09-03T21:35:00Z,
SAMPLE-0105,Priya Kapoor,LOST,2026-09-19T16:00:00Z,2026-09-19T16:12:00Z,Leena,Google Ads,,,,
SAMPLE-0106,Rahul Kapoor,APPOINTMENT,2026-09-12T15:00:00Z,2026-09-12T15:25:00Z,,Meta Ads,Product Launch,2026-09-14T21:00:00Z,,
SAMPLE-0107,Riya Kapoor,WON,2026-09-05T14:00:00Z,2026-09-05T14:45:00Z,Maya,Referral,Local Outreach,2026-09-07T21:00:00Z,2026-09-07T21:35:00Z,17698.00
SAMPLE-0108,Rohan Kapoor,QUALIFIED,2026-08-29T13:00:00Z,2026-08-29T14:00:00Z,Imran,Website,September Follow-up,,,
SAMPLE-0109,Sahil Kapoor,WON,2026-09-17T00:00:00Z,2026-09-17T01:01:00Z,Aisha,Organic Search,Q3 Awareness,2026-09-19T00:00:00Z,2026-09-19T00:20:00Z,19164.00
SAMPLE-0110,Sana Kapoor,NEW,2026-09-09T23:00:00Z,,Vikram,WhatsApp,Search Intent,,,
SAMPLE-0111,Tara Kapoor,QUALIFIED,2026-09-02T22:00:00Z,2026-09-03T00:30:00Z,Leena,,Referral Drive,,,
SAMPLE-0112,Vihaan Kapoor,APPOINTMENT,2026-09-20T21:00:00Z,2026-09-21T02:10:00Z,Rakesh,Direct,Product Launch,2026-09-23T00:00:00Z,,
SAMPLE-0113,Zoya Kapoor,CONTACTED,2026-09-13T20:00:00Z,2026-09-13T20:12:00Z,,Google Ads,Local Outreach,,,
SAMPLE-0114,Farhan Kapoor,WON,2026-09-06T19:00:00Z,2026-09-06T19:25:00Z,Imran,Meta Ads,September Follow-up,2026-09-09T00:00:00Z,2026-09-09T00:50:00Z,22829.00
SAMPLE-0115,Meera Kapoor,NEW,2026-08-30T18:00:00Z,,,Referral,Q3 Awareness,,,
SAMPLE-0116,Reyansh Kapoor,CONTACTED,2026-09-17T17:00:00Z,2026-09-17T18:00:00Z,Vikram,Website,Search Intent,,,
SAMPLE-0117,Siya Kapoor,NEW,2026-09-10T16:00:00Z,,Leena,Organic Search,Referral Drive,,,
SAMPLE-0118,Tanvi Kapoor,ATTENDED,2026-09-03T15:00:00Z,2026-09-03T16:25:00Z,Rakesh,WhatsApp,,2026-09-05T15:00:00Z,2026-09-05T15:20:00Z,
SAMPLE-0119,Yash Kapoor,NEW,2026-09-21T14:00:00Z,,Maya,LinkedIn,Local Outreach,,,
SAMPLE-0120,Zain Kapoor,APPOINTMENT,2026-09-14T13:00:00Z,2026-09-14T18:10:00Z,,Direct,September Follow-up,2026-09-16T15:00:00Z,,
SAMPLE-0121,Aarav Iyer,CONTACTED,2026-09-08T00:00:00Z,2026-09-08T00:12:00Z,Aisha,Google Ads,Q3 Awareness,,,
SAMPLE-0122,Anaya Iyer,ATTENDED,2026-08-31T23:00:00Z,2026-08-31T23:25:00Z,Vikram,,Search Intent,2026-09-03T03:00:00Z,2026-09-03T03:35:00Z,
SAMPLE-0123,Arjun Iyer,CONTACTED,2026-09-18T22:00:00Z,2026-09-18T22:45:00Z,Leena,Referral,Referral Drive,,,
SAMPLE-0124,Aditi Iyer,CONTACTED,2026-09-11T21:00:00Z,2026-09-11T22:00:00Z,Rakesh,Website,Product Launch,,,
SAMPLE-0125,Dev Iyer,QUALIFIED,2026-09-04T20:00:00Z,2026-09-04T21:01:00Z,Maya,Organic Search,Local Outreach,,,
SAMPLE-0126,Diya Iyer,APPOINTMENT,2026-09-22T19:00:00Z,2026-09-22T20:25:00Z,Imran,WhatsApp,September Follow-up,2026-09-25T03:00:00Z,,
SAMPLE-0127,Ishaan Iyer,CONTACTED,2026-09-15T18:00:00Z,2026-09-15T20:30:00Z,,LinkedIn,Q3 Awareness,,,
SAMPLE-0128,Isha Iyer,ATTENDED,2026-09-08T17:00:00Z,2026-09-08T22:10:00Z,Vikram,Direct,Search Intent,2026-09-10T18:00:00Z,2026-09-10T18:35:00Z,
SAMPLE-0129,Kabir Iyer,QUALIFIED,2026-09-01T16:00:00Z,2026-09-01T16:12:00Z,Leena,Google Ads,Referral Drive,,,
SAMPLE-0130,Kavya Iyer,ATTENDED,2026-09-18T15:00:00Z,2026-09-18T15:25:00Z,Rakesh,Meta Ads,Product Launch,2026-09-20T18:00:00Z,2026-09-20T18:20:00Z,
SAMPLE-0131,Mira Iyer,NEW,2026-09-12T14:00:00Z,,Maya,Referral,,,,
SAMPLE-0132,Neel Iyer,CONTACTED,2026-09-05T13:00:00Z,2026-09-05T14:00:00Z,Imran,Website,September Follow-up,,,
SAMPLE-0133,Nikhil Iyer,NEW,2026-08-30T00:00:00Z,,Aisha,,Q3 Awareness,,,
SAMPLE-0134,Nisha Iyer,NEW,2026-09-16T23:00:00Z,,,WhatsApp,Search Intent,,,
SAMPLE-0135,Priya Iyer,NEW,2026-09-09T22:00:00Z,,Leena,LinkedIn,Referral Drive,,,
SAMPLE-0136,Rahul Iyer,ATTENDED,2026-09-02T21:00:00Z,2026-09-03T02:10:00Z,Rakesh,Direct,Product Launch,2026-09-04T21:00:00Z,2026-09-04T21:20:00Z,
SAMPLE-0137,Riya Iyer,QUALIFIED,2026-09-20T20:00:00Z,2026-09-20T20:12:00Z,Maya,Google Ads,Local Outreach,,,
SAMPLE-0138,Rohan Iyer,QUALIFIED,2026-09-13T19:00:00Z,2026-09-13T19:25:00Z,Imran,Meta Ads,September Follow-up,,,
SAMPLE-0139,Sahil Iyer,APPOINTMENT,2026-09-06T18:00:00Z,2026-09-06T18:45:00Z,Aisha,Referral,Q3 Awareness,2026-09-08T21:00:00Z,,
SAMPLE-0140,Sana Iyer,CONTACTED,2026-08-30T17:00:00Z,2026-08-30T18:00:00Z,Vikram,Website,Search Intent,,,
SAMPLE-0141,Tara Iyer,NEW,2026-09-17T16:00:00Z,,,Organic Search,Referral Drive,,,
SAMPLE-0142,Vihaan Iyer,CONTACTED,2026-09-10T15:00:00Z,2026-09-10T16:25:00Z,Rakesh,WhatsApp,Product Launch,,,
SAMPLE-0143,Zoya Iyer,ATTENDED,2026-09-03T14:00:00Z,2026-09-03T16:30:00Z,Maya,LinkedIn,Local Outreach,2026-09-05T21:00:00Z,2026-09-05T21:35:00Z,
SAMPLE-0144,Farhan Iyer,QUALIFIED,2026-09-21T13:00:00Z,2026-09-21T18:10:00Z,Imran,,,,,
SAMPLE-0145,Meera Iyer,ATTENDED,2026-09-15T00:00:00Z,2026-09-15T00:12:00Z,Aisha,Google Ads,Q3 Awareness,2026-09-17T00:00:00Z,2026-09-17T00:20:00Z,
SAMPLE-0146,Reyansh Iyer,NEW,2026-09-07T23:00:00Z,,Vikram,Meta Ads,Search Intent,,,
SAMPLE-0147,Siya Iyer,ATTENDED,2026-08-31T22:00:00Z,2026-08-31T22:45:00Z,Leena,Referral,Referral Drive,2026-09-03T00:00:00Z,2026-09-03T00:50:00Z,
SAMPLE-0148,Tanvi Iyer,ATTENDED,2026-09-18T21:00:00Z,2026-09-18T22:00:00Z,,Website,Product Launch,2026-09-21T00:00:00Z,2026-09-21T00:20:00Z,
SAMPLE-0149,Yash Iyer,APPOINTMENT,2026-09-11T20:00:00Z,2026-09-11T21:01:00Z,Maya,Organic Search,Local Outreach,2026-09-14T00:00:00Z,,
SAMPLE-0150,Zain Iyer,APPOINTMENT,2026-09-04T19:00:00Z,2026-09-04T20:25:00Z,Imran,WhatsApp,September Follow-up,2026-09-07T00:00:00Z,,
SAMPLE-0151,Aarav Nair,ATTENDED,2026-09-18T18:00:00Z,2026-09-18T20:30:00Z,Aisha,LinkedIn,Q3 Awareness,2026-09-21T00:00:00Z,2026-09-21T00:20:00Z,
SAMPLE-0152,Anaya Nair,NEW,2026-09-15T17:00:00Z,,Vikram,Direct,Search Intent,,,
SAMPLE-0153,Arjun Nair,ATTENDED,2026-09-08T16:00:00Z,2026-09-08T16:12:00Z,,Google Ads,Referral Drive,2026-09-11T00:00:00Z,2026-09-11T00:50:00Z,
SAMPLE-0154,Aditi Nair,ATTENDED,2026-09-01T15:00:00Z,2026-09-01T15:25:00Z,Rakesh,Meta Ads,Product Launch,2026-09-03T15:00:00Z,2026-09-03T15:20:00Z,
SAMPLE-0155,Dev Nair,NO_SHOW,2026-09-18T14:00:00Z,2026-09-18T14:45:00Z,,,Local Outreach,2026-09-20T15:00:00Z,,
SAMPLE-0156,Diya Nair,ATTENDED,2026-09-12T13:00:00Z,2026-09-12T14:00:00Z,Imran,Website,September Follow-up,2026-09-14T15:00:00Z,2026-09-14T15:50:00Z,
SAMPLE-0157,Ishaan Nair,APPOINTMENT,2026-09-06T00:00:00Z,2026-09-06T01:01:00Z,Aisha,Organic Search,,2026-09-08T03:00:00Z,,
SAMPLE-0158,Isha Nair,WON,2026-08-29T23:00:00Z,2026-08-30T00:25:00Z,Vikram,WhatsApp,Search Intent,2026-09-01T03:00:00Z,2026-09-01T03:35:00Z,30081.00
SAMPLE-0159,Kabir Nair,CONTACTED,2026-09-16T22:00:00Z,2026-09-17T00:30:00Z,Leena,LinkedIn,Referral Drive,,,
SAMPLE-0160,Kavya Nair,NO_SHOW,2026-09-09T21:00:00Z,2026-09-10T02:10:00Z,Rakesh,Direct,Product Launch,2026-09-12T03:00:00Z,,
SAMPLE-0161,Mira Nair,QUALIFIED,2026-09-02T20:00:00Z,2026-09-02T20:12:00Z,Maya,Google Ads,Local Outreach,,,
SAMPLE-0162,Neel Nair,CONTACTED,2026-09-20T19:00:00Z,2026-09-20T19:25:00Z,,Meta Ads,September Follow-up,,,
SAMPLE-0163,Nikhil Nair,WON,2026-09-13T18:00:00Z,2026-09-13T18:45:00Z,Aisha,Referral,Q3 Awareness,2026-09-15T18:00:00Z,2026-09-15T18:20:00Z,33746.00
SAMPLE-0164,Nisha Nair,QUALIFIED,2026-09-06T17:00:00Z,2026-09-06T18:00:00Z,Vikram,Website,Search Intent,,,
SAMPLE-0165,Priya Nair,CONTACTED,2026-08-30T16:00:00Z,2026-08-30T17:01:00Z,Leena,Organic Search,Referral Drive,,,
SAMPLE-0166,Rahul Nair,LOST,2026-09-17T15:00:00Z,2026-09-17T16:25:00Z,Rakesh,,Product Launch,,,
SAMPLE-0167,Riya Nair,CONTACTED,2026-09-10T14:00:00Z,2026-09-10T16:30:00Z,Maya,LinkedIn,Local Outreach,,,
SAMPLE-0168,Rohan Nair,QUALIFIED,2026-09-03T13:00:00Z,2026-09-03T18:10:00Z,Imran,Direct,September Follow-up,,,
SAMPLE-0169,Sahil Nair,APPOINTMENT,2026-09-22T00:00:00Z,2026-09-22T00:12:00Z,,Google Ads,Q3 Awareness,2026-09-24T06:00:00Z,,
SAMPLE-0170,Sana Nair,NEW,2026-09-14T23:00:00Z,,Vikram,Meta Ads,,,,
SAMPLE-0171,Tara Nair,NEW,2026-09-07T22:00:00Z,,Leena,Referral,Referral Drive,,,
SAMPLE-0172,Vihaan Nair,NEW,2026-08-31T21:00:00Z,,,Website,Product Launch,,,
SAMPLE-0173,Zoya Nair,NEW,2026-09-18T20:00:00Z,,Maya,Organic Search,Local Outreach,,,
SAMPLE-0174,Farhan Nair,LOST,2026-09-11T19:00:00Z,2026-09-11T20:25:00Z,Imran,WhatsApp,September Follow-up,,,
SAMPLE-0175,Meera Nair,ATTENDED,2026-09-04T18:00:00Z,2026-09-04T20:30:00Z,Aisha,LinkedIn,Q3 Awareness,2026-09-06T21:00:00Z,2026-09-06T21:20:00Z,
SAMPLE-0176,Reyansh Nair,LOST,2026-09-22T17:00:00Z,2026-09-22T22:10:00Z,,Direct,Search Intent,,,
SAMPLE-0177,Siya Nair,WON,2026-09-15T16:00:00Z,2026-09-15T16:12:00Z,Leena,,Referral Drive,2026-09-17T21:00:00Z,2026-09-17T21:50:00Z,19008.00
SAMPLE-0178,Tanvi Nair,WON,2026-09-08T15:00:00Z,2026-09-08T15:25:00Z,Rakesh,Meta Ads,Product Launch,2026-09-10T21:00:00Z,2026-09-10T21:20:00Z,19741.00
SAMPLE-0179,Yash Nair,NEW,2026-09-01T14:00:00Z,,Maya,Referral,Local Outreach,,,
SAMPLE-0180,Zain Nair,WON,2026-09-18T13:00:00Z,2026-09-18T14:00:00Z,Imran,Website,September Follow-up,2026-09-20T21:00:00Z,2026-09-20T21:50:00Z,21207.00
SAMPLE-0181,Aarav Patel,CONTACTED,2026-09-13T00:00:00Z,2026-09-13T01:01:00Z,Aisha,Organic Search,Q3 Awareness,,,
SAMPLE-0182,Anaya Patel,WON,2026-09-05T23:00:00Z,2026-09-06T00:25:00Z,Vikram,WhatsApp,Search Intent,2026-09-08T00:00:00Z,2026-09-08T00:35:00Z,22673.00
SAMPLE-0183,Arjun Patel,ATTENDED,2026-08-29T22:00:00Z,2026-08-30T00:30:00Z,,LinkedIn,,2026-09-01T00:00:00Z,2026-09-01T00:50:00Z,
SAMPLE-0184,Aditi Patel,WON,2026-09-16T21:00:00Z,2026-09-17T02:10:00Z,Rakesh,Direct,Product Launch,2026-09-19T00:00:00Z,2026-09-19T00:20:00Z,24139.00
SAMPLE-0185,Dev Patel,APPOINTMENT,2026-09-09T20:00:00Z,2026-09-09T20:12:00Z,Maya,Google Ads,Local Outreach,2026-09-12T00:00:00Z,,
SAMPLE-0186,Diya Patel,QUALIFIED,2026-09-02T19:00:00Z,2026-09-02T19:25:00Z,Imran,Meta Ads,September Follow-up,,,
SAMPLE-0187,Ishaan Patel,LOST,2026-09-20T18:00:00Z,2026-09-20T18:45:00Z,Aisha,Referral,Q3 Awareness,,,
SAMPLE-0188,Isha Patel,QUALIFIED,2026-09-13T17:00:00Z,2026-09-13T18:00:00Z,Vikram,,Search Intent,,,
SAMPLE-0189,Kabir Patel,NEW,2026-09-06T16:00:00Z,,Leena,Organic Search,Referral Drive,,,
SAMPLE-0190,Kavya Patel,ATTENDED,2026-08-30T15:00:00Z,2026-08-30T16:25:00Z,,WhatsApp,Product Launch,2026-09-01T15:00:00Z,2026-09-01T15:20:00Z,
SAMPLE-0191,Mira Patel,APPOINTMENT,2026-09-17T14:00:00Z,2026-09-17T16:30:00Z,,LinkedIn,Local Outreach,2026-09-19T15:00:00Z,,
SAMPLE-0192,Neel Patel,CONTACTED,2026-09-10T13:00:00Z,2026-09-10T18:10:00Z,Imran,Direct,September Follow-up,,,
SAMPLE-0193,Nikhil Patel,CONTACTED,2026-09-04T00:00:00Z,2026-09-04T00:12:00Z,Aisha,Google Ads,Q3 Awareness,,,
SAMPLE-0194,Nisha Patel,CONTACTED,2026-09-21T23:00:00Z,2026-09-21T23:25:00Z,Vikram,Meta Ads,Search Intent,,,
SAMPLE-0195,Priya Patel,ATTENDED,2026-09-14T22:00:00Z,2026-09-14T22:45:00Z,Leena,Referral,Referral Drive,2026-09-17T03:00:00Z,2026-09-17T03:50:00Z,
SAMPLE-0196,Rahul Patel,WON,2026-09-07T21:00:00Z,2026-09-07T22:00:00Z,Rakesh,Website,,2026-09-10T03:00:00Z,2026-09-10T03:20:00Z,32935.00
SAMPLE-0197,Riya Patel,QUALIFIED,2026-08-31T20:00:00Z,2026-08-31T21:01:00Z,,Organic Search,Local Outreach,,,
SAMPLE-0198,Rohan Patel,ATTENDED,2026-09-18T19:00:00Z,2026-09-18T20:25:00Z,Imran,WhatsApp,September Follow-up,2026-09-21T03:00:00Z,2026-09-21T03:50:00Z,
SAMPLE-0199,Sahil Patel,NEW,2026-09-11T18:00:00Z,,Aisha,,Q3 Awareness,,,
SAMPLE-0200,Sana Patel,QUALIFIED,2026-09-04T17:00:00Z,2026-09-04T22:10:00Z,Vikram,Direct,Search Intent,,,
SAMPLE-0201,Tara Patel,NEW,2026-09-22T16:00:00Z,,Leena,Google Ads,Referral Drive,,,
SAMPLE-0202,Vihaan Patel,QUALIFIED,2026-09-15T15:00:00Z,2026-09-15T15:25:00Z,Rakesh,Meta Ads,Product Launch,,,
SAMPLE-0203,Zoya Patel,LOST,2026-09-08T14:00:00Z,2026-09-08T14:45:00Z,Maya,Referral,Local Outreach,,,
SAMPLE-0204,Farhan Patel,NEW,2026-09-01T13:00:00Z,,,Website,September Follow-up,,,
SAMPLE-0205,Meera Patel,LOST,2026-09-20T00:00:00Z,2026-09-20T01:01:00Z,Aisha,Organic Search,Q3 Awareness,,,
SAMPLE-0206,Reyansh Patel,NEW,2026-09-12T23:00:00Z,,Vikram,WhatsApp,Search Intent,,,
SAMPLE-0207,Siya Patel,CONTACTED,2026-09-05T22:00:00Z,2026-09-06T00:30:00Z,Leena,LinkedIn,Referral Drive,,,
SAMPLE-0208,Tanvi Patel,NO_SHOW,2026-08-29T21:00:00Z,2026-08-30T02:10:00Z,Rakesh,Direct,Product Launch,2026-08-31T21:00:00Z,,
SAMPLE-0209,Yash Patel,APPOINTMENT,2026-09-16T20:00:00Z,2026-09-16T20:12:00Z,Maya,Google Ads,,2026-09-18T21:00:00Z,,
SAMPLE-0210,Zain Patel,QUALIFIED,2026-09-09T19:00:00Z,2026-09-09T19:25:00Z,,,September Follow-up,,,
SAMPLE-0211,Aarav Singh,NEW,2026-09-02T18:00:00Z,,,Referral,Q3 Awareness,,,
SAMPLE-0212,Anaya Singh,WON,2026-09-18T17:00:00Z,2026-09-18T18:00:00Z,Vikram,Website,Search Intent,2026-09-20T21:00:00Z,2026-09-20T21:35:00Z,19663.00
SAMPLE-0213,Arjun Singh,WON,2026-09-13T16:00:00Z,2026-09-13T17:01:00Z,Leena,Organic Search,Referral Drive,2026-09-15T21:00:00Z,2026-09-15T21:50:00Z,20396.00
SAMPLE-0214,Aditi Singh,CONTACTED,2026-09-06T15:00:00Z,2026-09-06T16:25:00Z,Rakesh,WhatsApp,Product Launch,,,
SAMPLE-0215,Dev Singh,WON,2026-08-30T14:00:00Z,2026-08-30T16:30:00Z,Maya,LinkedIn,Local Outreach,2026-09-01T21:00:00Z,2026-09-01T21:35:00Z,21862.00
SAMPLE-0216,Diya Singh,QUALIFIED,2026-09-17T13:00:00Z,2026-09-17T18:10:00Z,Imran,Direct,September Follow-up,,,
SAMPLE-0217,Ishaan Singh,APPOINTMENT,2026-09-11T00:00:00Z,2026-09-11T00:12:00Z,Aisha,Google Ads,Q3 Awareness,2026-09-13T00:00:00Z,,
SAMPLE-0218,Isha Singh,CONTACTED,2026-09-03T23:00:00Z,2026-09-03T23:25:00Z,,Meta Ads,Search Intent,,,
SAMPLE-0219,Kabir Singh,ATTENDED,2026-09-18T22:00:00Z,2026-09-18T22:45:00Z,Leena,Referral,Referral Drive,2026-09-21T00:00:00Z,2026-09-21T00:50:00Z,
SAMPLE-0220,Kavya Singh,NEW,2026-09-14T21:00:00Z,,Rakesh,Website,Product Launch,,,
SAMPLE-0221,Mira Singh,QUALIFIED,2026-09-07T20:00:00Z,2026-09-07T21:01:00Z,Maya,,Local Outreach,,,
SAMPLE-0222,Neel Singh,CONTACTED,2026-08-31T19:00:00Z,2026-08-31T20:25:00Z,Imran,WhatsApp,,,,
SAMPLE-0223,Nikhil Singh,QUALIFIED,2026-09-18T18:00:00Z,2026-09-18T20:30:00Z,Aisha,LinkedIn,Q3 Awareness,,,
SAMPLE-0224,Nisha Singh,NEW,2026-09-11T17:00:00Z,,Vikram,Direct,Search Intent,,,
SAMPLE-0225,Priya Singh,CONTACTED,2026-09-04T16:00:00Z,2026-09-04T16:12:00Z,,Google Ads,Referral Drive,,,
SAMPLE-0226,Rahul Singh,APPOINTMENT,2026-09-22T15:00:00Z,2026-09-22T15:25:00Z,Rakesh,Meta Ads,Product Launch,2026-09-24T15:00:00Z,,
SAMPLE-0227,Riya Singh,NEW,2026-09-15T14:00:00Z,,Maya,Referral,Local Outreach,,,
SAMPLE-0228,Rohan Singh,CONTACTED,2026-09-08T13:00:00Z,2026-09-08T14:00:00Z,Imran,Website,September Follow-up,,,
SAMPLE-0229,Sahil Singh,QUALIFIED,2026-09-02T00:00:00Z,2026-09-02T01:01:00Z,,Organic Search,Q3 Awareness,,,
SAMPLE-0230,Sana Singh,CONTACTED,2026-09-19T23:00:00Z,2026-09-20T00:25:00Z,Vikram,WhatsApp,Search Intent,,,
SAMPLE-0231,Tara Singh,ATTENDED,2026-09-12T22:00:00Z,2026-09-13T00:30:00Z,Leena,LinkedIn,Referral Drive,2026-09-15T03:00:00Z,2026-09-15T03:50:00Z,
SAMPLE-0232,Vihaan Singh,QUALIFIED,2026-09-05T21:00:00Z,2026-09-06T02:10:00Z,,,Product Launch,,,
SAMPLE-0233,Zoya Singh,NEW,2026-08-29T20:00:00Z,,Maya,Google Ads,Local Outreach,,,
SAMPLE-0234,Farhan Singh,QUALIFIED,2026-09-16T19:00:00Z,2026-09-16T19:25:00Z,Imran,Meta Ads,September Follow-up,,,
SAMPLE-0235,Meera Singh,APPOINTMENT,2026-09-09T18:00:00Z,2026-09-09T18:45:00Z,Aisha,Referral,,2026-09-11T18:00:00Z,,
SAMPLE-0236,Reyansh Singh,APPOINTMENT,2026-09-02T17:00:00Z,2026-09-02T18:00:00Z,Vikram,Website,Search Intent,2026-09-04T18:00:00Z,,
SAMPLE-0237,Siya Singh,WON,2026-09-18T16:00:00Z,2026-09-18T17:01:00Z,Leena,Organic Search,Referral Drive,2026-09-20T18:00:00Z,2026-09-20T18:50:00Z,37988.00
SAMPLE-0238,Tanvi Singh,ATTENDED,2026-09-13T15:00:00Z,2026-09-13T16:25:00Z,Rakesh,WhatsApp,Product Launch,2026-09-15T18:00:00Z,2026-09-15T18:20:00Z,
SAMPLE-0239,Yash Singh,CONTACTED,2026-09-06T14:00:00Z,2026-09-06T16:30:00Z,,LinkedIn,Local Outreach,,,
SAMPLE-0240,Zain Singh,ATTENDED,2026-08-30T13:00:00Z,2026-08-30T18:10:00Z,Imran,Direct,September Follow-up,2026-09-01T18:00:00Z,2026-09-01T18:50:00Z,
SAMPLE-0241,Aarav Khan,APPOINTMENT,2026-09-18T00:00:00Z,2026-09-18T00:12:00Z,Aisha,Google Ads,Q3 Awareness,2026-09-20T06:00:00Z,,
SAMPLE-0242,Anaya Khan,ATTENDED,2026-09-10T23:00:00Z,2026-09-10T23:25:00Z,Vikram,Meta Ads,Search Intent,2026-09-13T06:00:00Z,2026-09-13T06:35:00Z,
SAMPLE-0243,Arjun Khan,NEW,2026-09-03T22:00:00Z,,Leena,,Referral Drive,,,
SAMPLE-0244,Aditi Khan,WON,2026-09-18T21:00:00Z,2026-09-18T22:00:00Z,Rakesh,Website,Product Launch,2026-09-20T21:00:00Z,2026-09-20T21:20:00Z,18119.00
SAMPLE-0245,Dev Khan,QUALIFIED,2026-09-14T20:00:00Z,2026-09-14T21:01:00Z,Maya,Organic Search,Local Outreach,,,
SAMPLE-0246,Diya Khan,NEW,2026-09-07T19:00:00Z,,,WhatsApp,September Follow-up,,,
SAMPLE-0247,Ishaan Khan,APPOINTMENT,2026-08-31T18:00:00Z,2026-08-31T20:30:00Z,Aisha,LinkedIn,Q3 Awareness,2026-09-02T21:00:00Z,,
SAMPLE-0248,Isha Khan,CONTACTED,2026-09-18T17:00:00Z,2026-09-18T22:10:00Z,,Direct,,,,
SAMPLE-0249,Kabir Khan,APPOINTMENT,2026-09-11T16:00:00Z,2026-09-11T16:12:00Z,Leena,Google Ads,Referral Drive,2026-09-13T21:00:00Z,,
SAMPLE-0250,Kavya Khan,LOST,2026-09-04T15:00:00Z,2026-09-04T15:25:00Z,Rakesh,Meta Ads,Product Launch,,,
SAMPLE-0251,Mira Khan,QUALIFIED,2026-09-22T14:00:00Z,2026-09-22T14:45:00Z,Maya,Referral,Local Outreach,,,
SAMPLE-0252,Neel Khan,NEW,2026-09-15T13:00:00Z,,Imran,Website,September Follow-up,,,
SAMPLE-0253,Nikhil Khan,APPOINTMENT,2026-09-09T00:00:00Z,2026-09-09T01:01:00Z,,Organic Search,Q3 Awareness,2026-09-11T00:00:00Z,,
SAMPLE-0254,Nisha Khan,ATTENDED,2026-09-01T23:00:00Z,2026-09-02T00:25:00Z,Vikram,,Search Intent,2026-09-04T00:00:00Z,2026-09-04T00:35:00Z,
SAMPLE-0255,Priya Khan,NEW,2026-09-19T22:00:00Z,,Leena,LinkedIn,Referral Drive,,,
SAMPLE-0256,Rahul Khan,ATTENDED,2026-09-12T21:00:00Z,2026-09-13T02:10:00Z,Rakesh,Direct,Product Launch,2026-09-15T00:00:00Z,2026-09-15T00:20:00Z,
SAMPLE-0257,Riya Khan,WON,2026-09-05T20:00:00Z,2026-09-05T20:12:00Z,Maya,Google Ads,Local Outreach,2026-09-08T00:00:00Z,2026-09-08T00:35:00Z,27648.00
SAMPLE-0258,Rohan Khan,NEW,2026-08-29T19:00:00Z,,Imran,Meta Ads,September Follow-up,,,
SAMPLE-0259,Sahil Khan,NO_SHOW,2026-09-16T18:00:00Z,2026-09-16T18:45:00Z,Aisha,Referral,Q3 Awareness,2026-09-19T00:00:00Z,,
SAMPLE-0260,Sana Khan,APPOINTMENT,2026-09-09T17:00:00Z,2026-09-09T18:00:00Z,,Website,Search Intent,2026-09-12T00:00:00Z,,
SAMPLE-0261,Tara Khan,NEW,2026-09-02T16:00:00Z,,Leena,Organic Search,,,,
SAMPLE-0262,Vihaan Khan,APPOINTMENT,2026-09-20T15:00:00Z,2026-09-20T16:25:00Z,Rakesh,WhatsApp,Product Launch,2026-09-22T15:00:00Z,,
SAMPLE-0263,Zoya Khan,QUALIFIED,2026-09-13T14:00:00Z,2026-09-13T16:30:00Z,Maya,LinkedIn,Local Outreach,,,
SAMPLE-0264,Farhan Khan,QUALIFIED,2026-09-06T13:00:00Z,2026-09-06T18:10:00Z,Imran,Direct,September Follow-up,,,
SAMPLE-0265,Meera Khan,CONTACTED,2026-08-31T00:00:00Z,2026-08-31T00:12:00Z,Aisha,,Q3 Awareness,,,
SAMPLE-0266,Reyansh Khan,APPOINTMENT,2026-09-17T23:00:00Z,2026-09-17T23:25:00Z,Vikram,Meta Ads,Search Intent,2026-09-20T03:00:00Z,,
SAMPLE-0267,Siya Khan,NEW,2026-09-10T22:00:00Z,,,Referral,Referral Drive,,,
SAMPLE-0268,Tanvi Khan,NO_SHOW,2026-09-03T21:00:00Z,2026-09-03T22:00:00Z,Rakesh,Website,Product Launch,2026-09-06T03:00:00Z,,
SAMPLE-0269,Yash Khan,NEW,2026-09-21T20:00:00Z,,Maya,Organic Search,Local Outreach,,,
SAMPLE-0270,Zain Khan,WON,2026-09-14T19:00:00Z,2026-09-14T20:25:00Z,Imran,WhatsApp,September Follow-up,2026-09-17T03:00:00Z,2026-09-17T03:50:00Z,37177.00
SAMPLE-0271,Aarav Das,QUALIFIED,2026-09-07T18:00:00Z,2026-09-07T20:30:00Z,Aisha,LinkedIn,Q3 Awareness,,,
SAMPLE-0272,Anaya Das,CONTACTED,2026-08-31T17:00:00Z,2026-08-31T22:10:00Z,Vikram,Direct,Search Intent,,,
SAMPLE-0273,Arjun Das,ATTENDED,2026-09-18T16:00:00Z,2026-09-18T16:12:00Z,Leena,Google Ads,Referral Drive,2026-09-20T18:00:00Z,2026-09-20T18:50:00Z,
SAMPLE-0274,Aditi Das,CONTACTED,2026-09-11T15:00:00Z,2026-09-11T15:25:00Z,,Meta Ads,,,,
SAMPLE-0275,Dev Das,QUALIFIED,2026-09-04T14:00:00Z,2026-09-04T14:45:00Z,Maya,Referral,Local Outreach,,,
SAMPLE-0276,Diya Das,LOST,2026-09-22T13:00:00Z,2026-09-22T14:00:00Z,Imran,,September Follow-up,,,
SAMPLE-0277,Ishaan Das,QUALIFIED,2026-09-16T00:00:00Z,2026-09-16T01:01:00Z,Aisha,Organic Search,Q3 Awareness,,,
SAMPLE-0278,Isha Das,NO_SHOW,2026-09-08T23:00:00Z,2026-09-09T00:25:00Z,Vikram,WhatsApp,Search Intent,2026-09-11T06:00:00Z,,
SAMPLE-0279,Kabir Das,WON,2026-09-01T22:00:00Z,2026-09-02T00:30:00Z,Leena,LinkedIn,Referral Drive,2026-09-04T06:00:00Z,2026-09-04T06:50:00Z,18774.00
SAMPLE-0280,Kavya Das,CONTACTED,2026-09-19T21:00:00Z,2026-09-20T02:10:00Z,Rakesh,Direct,Product Launch,,,
SAMPLE-0281,Mira Das,APPOINTMENT,2026-09-12T20:00:00Z,2026-09-12T20:12:00Z,,Google Ads,Local Outreach,2026-09-14T21:00:00Z,,
SAMPLE-0282,Neel Das,NEW,2026-09-05T19:00:00Z,,Imran,Meta Ads,September Follow-up,,,
SAMPLE-0283,Nikhil Das,NEW,2026-08-29T18:00:00Z,,Aisha,Referral,Q3 Awareness,,,
SAMPLE-0284,Nisha Das,CONTACTED,2026-09-16T17:00:00Z,2026-09-16T18:00:00Z,Vikram,Website,Search Intent,,,
SAMPLE-0285,Priya Das,QUALIFIED,2026-09-09T16:00:00Z,2026-09-09T17:01:00Z,Leena,Organic Search,Referral Drive,,,
SAMPLE-0286,Rahul Das,WON,2026-09-02T15:00:00Z,2026-09-02T16:25:00Z,,WhatsApp,Product Launch,2026-09-04T21:00:00Z,2026-09-04T21:20:00Z,23905.00
SAMPLE-0287,Riya Das,APPOINTMENT,2026-09-20T14:00:00Z,2026-09-20T16:30:00Z,Maya,,,2026-09-22T21:00:00Z,,
SAMPLE-0288,Rohan Das,ATTENDED,2026-09-13T13:00:00Z,2026-09-13T18:10:00Z,,Direct,September Follow-up,2026-09-15T21:00:00Z,2026-09-15T21:50:00Z,
SAMPLE-0289,Sahil Das,QUALIFIED,2026-09-07T00:00:00Z,2026-09-07T00:12:00Z,Aisha,Google Ads,Q3 Awareness,,,
SAMPLE-0290,Sana Das,QUALIFIED,2026-08-30T23:00:00Z,2026-08-30T23:25:00Z,Vikram,Meta Ads,Search Intent,,,
SAMPLE-0291,Tara Das,WON,2026-09-17T22:00:00Z,2026-09-17T22:45:00Z,Leena,Referral,Referral Drive,2026-09-20T00:00:00Z,2026-09-20T00:50:00Z,27570.00
SAMPLE-0292,Vihaan Das,QUALIFIED,2026-09-10T21:00:00Z,2026-09-10T22:00:00Z,Rakesh,Website,Product Launch,,,
SAMPLE-0293,Zoya Das,LOST,2026-09-03T20:00:00Z,2026-09-03T21:01:00Z,Maya,Organic Search,Local Outreach,,,
SAMPLE-0294,Farhan Das,ATTENDED,2026-09-18T19:00:00Z,2026-09-18T20:25:00Z,Imran,WhatsApp,September Follow-up,2026-09-21T00:00:00Z,2026-09-21T00:50:00Z,
SAMPLE-0295,Meera Das,CONTACTED,2026-09-14T18:00:00Z,2026-09-14T20:30:00Z,,LinkedIn,Q3 Awareness,,,
SAMPLE-0296,Reyansh Das,APPOINTMENT,2026-09-07T17:00:00Z,2026-09-07T22:10:00Z,Vikram,Direct,Search Intent,2026-09-10T00:00:00Z,,
SAMPLE-0297,Siya Das,APPOINTMENT,2026-08-31T16:00:00Z,2026-08-31T16:12:00Z,Leena,Google Ads,Referral Drive,2026-09-03T00:00:00Z,,
SAMPLE-0298,Tanvi Das,WON,2026-09-18T15:00:00Z,2026-09-18T15:25:00Z,Rakesh,,Product Launch,2026-09-20T15:00:00Z,2026-09-20T15:20:00Z,32701.00
SAMPLE-0299,Yash Das,NEW,2026-09-11T14:00:00Z,,Maya,Referral,Local Outreach,,,
SAMPLE-0300,Zain Das,QUALIFIED,2026-09-04T13:00:00Z,2026-09-04T14:00:00Z,Imran,Website,,,,
SAMPLE-0301,Aarav Joshi,APPOINTMENT,2026-09-23T00:00:00Z,2026-09-23T01:01:00Z,Aisha,Organic Search,Q3 Awareness,2026-09-25T03:00:00Z,,
SAMPLE-0302,Anaya Joshi,NO_SHOW,2026-09-15T23:00:00Z,2026-09-16T00:25:00Z,,WhatsApp,Search Intent,2026-09-18T03:00:00Z,,
SAMPLE-0303,Arjun Joshi,LOST,2026-09-08T22:00:00Z,2026-09-09T00:30:00Z,Leena,LinkedIn,Referral Drive,,,
SAMPLE-0304,Aditi Joshi,CONTACTED,2026-09-01T21:00:00Z,2026-09-02T02:10:00Z,Rakesh,Direct,Product Launch,,,
SAMPLE-0305,Dev Joshi,APPOINTMENT,2026-09-19T20:00:00Z,2026-09-19T20:12:00Z,,Google Ads,Local Outreach,2026-09-22T03:00:00Z,,
SAMPLE-0306,Diya Joshi,LOST,2026-09-12T19:00:00Z,2026-09-12T19:25:00Z,Imran,Meta Ads,September Follow-up,,,
SAMPLE-0307,Ishaan Joshi,CONTACTED,2026-09-05T18:00:00Z,2026-09-05T18:45:00Z,Aisha,Referral,Q3 Awareness,,,
SAMPLE-0308,Isha Joshi,CONTACTED,2026-08-29T17:00:00Z,2026-08-29T18:00:00Z,Vikram,Website,Search Intent,,,
SAMPLE-0309,Kabir Joshi,APPOINTMENT,2026-09-16T16:00:00Z,2026-09-16T17:01:00Z,,,Referral Drive,2026-09-18T18:00:00Z,,
SAMPLE-0310,Kavya Joshi,NEW,2026-09-09T15:00:00Z,,Rakesh,WhatsApp,Product Launch,,,
SAMPLE-0311,Mira Joshi,CONTACTED,2026-09-02T14:00:00Z,2026-09-02T16:30:00Z,Maya,LinkedIn,Local Outreach,,,
SAMPLE-0312,Neel Joshi,QUALIFIED,2026-09-20T13:00:00Z,2026-09-20T18:10:00Z,Imran,Direct,September Follow-up,,,
SAMPLE-0313,Nikhil Joshi,WON,2026-09-14T00:00:00Z,2026-09-14T00:12:00Z,Aisha,Google Ads,,2026-09-16T06:00:00Z,2026-09-16T06:20:00Z,18696.00
SAMPLE-0314,Nisha Joshi,CONTACTED,2026-09-06T23:00:00Z,2026-09-06T23:25:00Z,Vikram,Meta Ads,Search Intent,,,
SAMPLE-0315,Priya Joshi,ATTENDED,2026-08-30T22:00:00Z,2026-08-30T22:45:00Z,Leena,Referral,Referral Drive,2026-09-02T06:00:00Z,2026-09-02T06:50:00Z,
SAMPLE-0316,Rahul Joshi,CONTACTED,2026-09-17T21:00:00Z,2026-09-17T22:00:00Z,,Website,Product Launch,,,
SAMPLE-0317,Riya Joshi,WON,2026-09-10T20:00:00Z,2026-09-10T21:01:00Z,Maya,Organic Search,Local Outreach,2026-09-12T21:00:00Z,2026-09-12T21:35:00Z,21628.00
SAMPLE-0318,Rohan Joshi,APPOINTMENT,2026-09-03T19:00:00Z,2026-09-03T20:25:00Z,Imran,WhatsApp,September Follow-up,2026-09-05T21:00:00Z,,
SAMPLE-0319,Sahil Joshi,APPOINTMENT,2026-09-21T18:00:00Z,2026-09-21T20:30:00Z,Aisha,LinkedIn,Q3 Awareness,2026-09-23T21:00:00Z,,
SAMPLE-0320,Sana Joshi,APPOINTMENT,2026-09-14T17:00:00Z,2026-09-14T22:10:00Z,Vikram,,Search Intent,2026-09-16T21:00:00Z,,
SAMPLE-0321,Tara Joshi,APPOINTMENT,2026-09-07T16:00:00Z,2026-09-07T16:12:00Z,Leena,Google Ads,Referral Drive,2026-09-09T21:00:00Z,,
SAMPLE-0322,Vihaan Joshi,ATTENDED,2026-08-31T15:00:00Z,2026-08-31T15:25:00Z,Rakesh,Meta Ads,Product Launch,2026-09-02T21:00:00Z,2026-09-02T21:20:00Z,
SAMPLE-0323,Zoya Joshi,APPOINTMENT,2026-09-18T14:00:00Z,2026-09-18T14:45:00Z,,Referral,Local Outreach,2026-09-20T21:00:00Z,,
SAMPLE-0324,Farhan Joshi,CONTACTED,2026-09-11T13:00:00Z,2026-09-11T14:00:00Z,,Website,September Follow-up,,,
SAMPLE-0325,Meera Joshi,NEW,2026-09-05T00:00:00Z,,Aisha,Organic Search,Q3 Awareness,,,
SAMPLE-0326,Reyansh Joshi,NEW,2026-09-22T23:00:00Z,,Vikram,WhatsApp,,,,
SAMPLE-0327,Siya Joshi,CONTACTED,2026-09-15T22:00:00Z,2026-09-16T00:30:00Z,Leena,LinkedIn,Referral Drive,,,
SAMPLE-0328,Tanvi Joshi,NO_SHOW,2026-09-08T21:00:00Z,2026-09-09T02:10:00Z,Rakesh,Direct,Product Launch,2026-09-11T00:00:00Z,,
SAMPLE-0329,Yash Joshi,NEW,2026-09-01T20:00:00Z,,Maya,Google Ads,Local Outreach,,,
SAMPLE-0330,Zain Joshi,QUALIFIED,2026-09-19T19:00:00Z,2026-09-19T19:25:00Z,,Meta Ads,September Follow-up,,,
SAMPLE-0331,Aarav Bose,NEW,2026-09-12T18:00:00Z,,Aisha,,Q3 Awareness,,,
SAMPLE-0332,Anaya Bose,LOST,2026-09-05T17:00:00Z,2026-09-05T18:00:00Z,Vikram,Website,Search Intent,,,
SAMPLE-0333,Arjun Bose,CONTACTED,2026-08-29T16:00:00Z,2026-08-29T17:01:00Z,Leena,Organic Search,Referral Drive,,,
SAMPLE-0334,Aditi Bose,NO_SHOW,2026-09-16T15:00:00Z,2026-09-16T16:25:00Z,Rakesh,WhatsApp,Product Launch,2026-09-18T15:00:00Z,,
SAMPLE-0335,Dev Bose,WON,2026-09-09T14:00:00Z,2026-09-09T16:30:00Z,Maya,LinkedIn,Local Outreach,2026-09-11T15:00:00Z,2026-09-11T15:35:00Z,34822.00
SAMPLE-0336,Diya Bose,LOST,2026-09-02T13:00:00Z,2026-09-02T18:10:00Z,Imran,Direct,September Follow-up,,,
SAMPLE-0337,Ishaan Bose,NEW,2026-09-21T00:00:00Z,,,Google Ads,Q3 Awareness,,,
SAMPLE-0338,Isha Bose,QUALIFIED,2026-09-13T23:00:00Z,2026-09-13T23:25:00Z,Vikram,Meta Ads,Search Intent,,,
SAMPLE-0339,Kabir Bose,APPOINTMENT,2026-09-06T22:00:00Z,2026-09-06T22:45:00Z,Leena,Referral,,2026-09-09T03:00:00Z,,
SAMPLE-0340,Kavya Bose,ATTENDED,2026-08-30T21:00:00Z,2026-08-30T22:00:00Z,Rakesh,Website,Product Launch,2026-09-02T03:00:00Z,2026-09-02T03:20:00Z,
SAMPLE-0341,Mira Bose,NEW,2026-09-17T20:00:00Z,,Maya,Organic Search,Local Outreach,,,
SAMPLE-0342,Neel Bose,APPOINTMENT,2026-09-10T19:00:00Z,2026-09-10T20:25:00Z,Imran,,September Follow-up,2026-09-13T03:00:00Z,,
SAMPLE-0343,Nikhil Bose,NO_SHOW,2026-09-03T18:00:00Z,2026-09-03T20:30:00Z,,LinkedIn,Q3 Awareness,2026-09-05T18:00:00Z,,
SAMPLE-0344,Nisha Bose,CONTACTED,2026-09-21T17:00:00Z,2026-09-21T22:10:00Z,,Direct,Search Intent,,,
SAMPLE-0345,Priya Bose,NO_SHOW,2026-09-14T16:00:00Z,2026-09-14T16:12:00Z,Leena,Google Ads,Referral Drive,2026-09-16T18:00:00Z,,
SAMPLE-0346,Rahul Bose,CONTACTED,2026-09-07T15:00:00Z,2026-09-07T15:25:00Z,Rakesh,Meta Ads,Product Launch,,,
SAMPLE-0347,Riya Bose,CONTACTED,2026-08-31T14:00:00Z,2026-08-31T14:45:00Z,Maya,Referral,Local Outreach,,,
SAMPLE-0348,Rohan Bose,WON,2026-09-18T13:00:00Z,2026-09-18T14:00:00Z,Imran,Website,September Follow-up,2026-09-20T18:00:00Z,2026-09-20T18:50:00Z,19351.00
SAMPLE-0349,Sahil Bose,NEW,2026-09-12T00:00:00Z,,Aisha,Organic Search,Q3 Awareness,,,
SAMPLE-0350,Sana Bose,NO_SHOW,2026-09-04T23:00:00Z,2026-09-05T00:25:00Z,Vikram,WhatsApp,Search Intent,2026-09-07T06:00:00Z,,
SAMPLE-0351,Tara Bose,ATTENDED,2026-09-18T22:00:00Z,2026-09-19T00:30:00Z,,LinkedIn,Referral Drive,2026-09-21T06:00:00Z,2026-09-21T06:50:00Z,
SAMPLE-0352,Vihaan Bose,ATTENDED,2026-09-15T21:00:00Z,2026-09-16T02:10:00Z,Rakesh,Direct,,2026-09-17T21:00:00Z,2026-09-17T21:20:00Z,
SAMPLE-0353,Zoya Bose,NEW,2026-09-08T20:00:00Z,,Maya,,Local Outreach,,,
SAMPLE-0354,Farhan Bose,APPOINTMENT,2026-09-01T19:00:00Z,2026-09-01T19:25:00Z,Imran,Meta Ads,September Follow-up,2026-09-03T21:00:00Z,,
SAMPLE-0355,Meera Bose,QUALIFIED,2026-09-19T18:00:00Z,2026-09-19T18:45:00Z,Aisha,Referral,Q3 Awareness,,,
SAMPLE-0356,Reyansh Bose,NEW,2026-09-12T17:00:00Z,,Vikram,Website,Search Intent,,,
SAMPLE-0357,Siya Bose,CONTACTED,2026-09-05T16:00:00Z,2026-09-05T17:01:00Z,Leena,Organic Search,Referral Drive,,,
SAMPLE-0358,Tanvi Bose,WON,2026-08-29T15:00:00Z,2026-08-29T16:25:00Z,,WhatsApp,Product Launch,2026-08-31T21:00:00Z,2026-08-31T21:20:00Z,26681.00
SAMPLE-0359,Yash Bose,ATTENDED,2026-09-16T14:00:00Z,2026-09-16T16:30:00Z,Maya,LinkedIn,Local Outreach,2026-09-18T21:00:00Z,2026-09-18T21:35:00Z,
SAMPLE-0360,Zain Bose,LOST,2026-09-09T13:00:00Z,2026-09-09T18:10:00Z,Imran,Direct,September Follow-up,,,
SAMPLE-0361,Aarav Sethi,WON,2026-09-03T00:00:00Z,2026-09-03T00:12:00Z,Aisha,Google Ads,Q3 Awareness,2026-09-05T00:00:00Z,2026-09-05T00:20:00Z,28880.00
SAMPLE-0362,Anaya Sethi,NEW,2026-09-20T23:00:00Z,,,Meta Ads,Search Intent,,,
SAMPLE-0363,Arjun Sethi,ATTENDED,2026-09-13T22:00:00Z,2026-09-13T22:45:00Z,Leena,Referral,Referral Drive,2026-09-16T00:00:00Z,2026-09-16T00:50:00Z,
SAMPLE-0364,Aditi Sethi,ATTENDED,2026-09-06T21:00:00Z,2026-09-06T22:00:00Z,Rakesh,,Product Launch,2026-09-09T00:00:00Z,2026-09-09T00:20:00Z,
SAMPLE-0365,Dev Sethi,ATTENDED,2026-08-30T20:00:00Z,2026-08-30T21:01:00Z,,Organic Search,,2026-09-02T00:00:00Z,2026-09-02T00:35:00Z,
SAMPLE-0366,Diya Sethi,QUALIFIED,2026-09-17T19:00:00Z,2026-09-17T20:25:00Z,Imran,WhatsApp,September Follow-up,,,
SAMPLE-0367,Ishaan Sethi,NEW,2026-09-10T18:00:00Z,,Aisha,LinkedIn,Q3 Awareness,,,
SAMPLE-0368,Isha Sethi,APPOINTMENT,2026-09-03T17:00:00Z,2026-09-03T22:10:00Z,Vikram,Direct,Search Intent,2026-09-06T00:00:00Z,,
SAMPLE-0369,Kabir Sethi,CONTACTED,2026-09-21T16:00:00Z,2026-09-21T16:12:00Z,Leena,Google Ads,Referral Drive,,,
SAMPLE-0370,Kavya Sethi,WON,2026-09-14T15:00:00Z,2026-09-14T15:25:00Z,Rakesh,Meta Ads,Product Launch,2026-09-16T15:00:00Z,2026-09-16T15:20:00Z,35477.00
SAMPLE-0371,Mira Sethi,ATTENDED,2026-09-07T14:00:00Z,2026-09-07T14:45:00Z,Maya,Referral,Local Outreach,2026-09-09T15:00:00Z,2026-09-09T15:35:00Z,
SAMPLE-0372,Neel Sethi,NEW,2026-08-31T13:00:00Z,,,Website,September Follow-up,,,
SAMPLE-0373,Nikhil Sethi,WON,2026-09-19T00:00:00Z,2026-09-19T01:01:00Z,Aisha,Organic Search,Q3 Awareness,2026-09-21T03:00:00Z,2026-09-21T03:20:00Z,37676.00
SAMPLE-0374,Nisha Sethi,NEW,2026-09-11T23:00:00Z,,Vikram,WhatsApp,Search Intent,,,
SAMPLE-0375,Priya Sethi,QUALIFIED,2026-09-04T22:00:00Z,2026-09-05T00:30:00Z,Leena,,Referral Drive,,,
SAMPLE-0376,Rahul Sethi,CONTACTED,2026-09-22T21:00:00Z,2026-09-23T02:10:00Z,Rakesh,Direct,Product Launch,,,
SAMPLE-0377,Riya Sethi,CONTACTED,2026-09-15T20:00:00Z,2026-09-15T20:12:00Z,Maya,Google Ads,Local Outreach,,,
SAMPLE-0378,Rohan Sethi,APPOINTMENT,2026-09-08T19:00:00Z,2026-09-08T19:25:00Z,Imran,Meta Ads,,2026-09-11T03:00:00Z,,
SAMPLE-0379,Sahil Sethi,QUALIFIED,2026-09-01T18:00:00Z,2026-09-01T18:45:00Z,,Referral,Q3 Awareness,,,
SAMPLE-0380,Sana Sethi,NEW,2026-09-19T17:00:00Z,,Vikram,Website,Search Intent,,,
SAMPLE-0381,Tara Sethi,WON,2026-09-12T16:00:00Z,2026-09-12T17:01:00Z,,Organic Search,Referral Drive,2026-09-14T18:00:00Z,2026-09-14T18:50:00Z,18540.00
SAMPLE-0382,Vihaan Sethi,APPOINTMENT,2026-09-05T15:00:00Z,2026-09-05T16:25:00Z,Rakesh,WhatsApp,Product Launch,2026-09-07T18:00:00Z,,
SAMPLE-0383,Zoya Sethi,APPOINTMENT,2026-08-29T14:00:00Z,2026-08-29T16:30:00Z,Maya,LinkedIn,Local Outreach,2026-08-31T18:00:00Z,,
SAMPLE-0384,Farhan Sethi,NEW,2026-09-16T13:00:00Z,,Imran,Direct,September Follow-up,,,
SAMPLE-0385,Meera Sethi,NEW,2026-09-10T00:00:00Z,,Aisha,Google Ads,Q3 Awareness,,,
SAMPLE-0386,Reyansh Sethi,NEW,2026-09-02T23:00:00Z,,,,Search Intent,,,
SAMPLE-0387,Siya Sethi,APPOINTMENT,2026-09-20T22:00:00Z,2026-09-20T22:45:00Z,Leena,Referral,Referral Drive,2026-09-23T06:00:00Z,,
SAMPLE-0388,Tanvi Sethi,CONTACTED,2026-09-13T21:00:00Z,2026-09-13T22:00:00Z,Rakesh,Website,Product Launch,,,
SAMPLE-0389,Yash Sethi,APPOINTMENT,2026-09-06T20:00:00Z,2026-09-06T21:01:00Z,Maya,Organic Search,Local Outreach,2026-09-08T21:00:00Z,,
SAMPLE-0390,Zain Sethi,ATTENDED,2026-08-30T19:00:00Z,2026-08-30T20:25:00Z,Imran,WhatsApp,September Follow-up,2026-09-01T21:00:00Z,2026-09-01T21:50:00Z,
SAMPLE-0391,Aarav Bhat,NEW,2026-09-17T18:00:00Z,,Aisha,LinkedIn,,,,
SAMPLE-0392,Anaya Bhat,CONTACTED,2026-09-10T17:00:00Z,2026-09-10T22:10:00Z,Vikram,Direct,Search Intent,,,
SAMPLE-0393,Arjun Bhat,WON,2026-09-03T16:00:00Z,2026-09-03T16:12:00Z,,Google Ads,Referral Drive,2026-09-05T21:00:00Z,2026-09-05T21:50:00Z,27336.00
SAMPLE-0394,Aditi Bhat,NO_SHOW,2026-09-18T15:00:00Z,2026-09-18T15:25:00Z,Rakesh,Meta Ads,Product Launch,2026-09-20T21:00:00Z,,
SAMPLE-0395,Dev Bhat,CONTACTED,2026-09-14T14:00:00Z,2026-09-14T14:45:00Z,Maya,Referral,Local Outreach,,,
SAMPLE-0396,Diya Bhat,NEW,2026-09-07T13:00:00Z,,Imran,Website,September Follow-up,,,
SAMPLE-0397,Ishaan Bhat,NEW,2026-09-01T00:00:00Z,,Aisha,,Q3 Awareness,,,
SAMPLE-0398,Isha Bhat,NEW,2026-09-18T23:00:00Z,,Vikram,WhatsApp,Search Intent,,,
SAMPLE-0399,Kabir Bhat,APPOINTMENT,2026-09-11T22:00:00Z,2026-09-12T00:30:00Z,Leena,LinkedIn,Referral Drive,2026-09-14T00:00:00Z,,
SAMPLE-0400,Kavya Bhat,LOST,2026-09-04T21:00:00Z,2026-09-05T02:10:00Z,,Direct,Product Launch,,,
SAMPLE-0401,Mira Bhat,QUALIFIED,2026-09-22T20:00:00Z,2026-09-22T20:12:00Z,Maya,Google Ads,Local Outreach,,,
SAMPLE-0402,Neel Bhat,NEW,2026-09-15T19:00:00Z,,Imran,Meta Ads,September Follow-up,,,
SAMPLE-0403,Nikhil Bhat,ATTENDED,2026-09-08T18:00:00Z,2026-09-08T18:45:00Z,Aisha,Referral,Q3 Awareness,2026-09-11T00:00:00Z,2026-09-11T00:20:00Z,
SAMPLE-0404,Nisha Bhat,QUALIFIED,2026-09-01T17:00:00Z,2026-09-01T18:00:00Z,Vikram,Website,,,,
SAMPLE-0405,Priya Bhat,LOST,2026-09-19T16:00:00Z,2026-09-19T17:01:00Z,Leena,Organic Search,Referral Drive,,,
SAMPLE-0406,Rahul Bhat,QUALIFIED,2026-09-12T15:00:00Z,2026-09-12T16:25:00Z,Rakesh,WhatsApp,Product Launch,,,
SAMPLE-0407,Riya Bhat,NEW,2026-09-05T14:00:00Z,,,LinkedIn,Local Outreach,,,
SAMPLE-0408,Rohan Bhat,APPOINTMENT,2026-08-29T13:00:00Z,2026-08-29T18:10:00Z,Imran,,September Follow-up,2026-08-31T15:00:00Z,,
SAMPLE-0409,Sahil Bhat,NO_SHOW,2026-09-17T00:00:00Z,2026-09-17T00:12:00Z,Aisha,Google Ads,Q3 Awareness,2026-09-19T03:00:00Z,,
SAMPLE-0410,Sana Bhat,QUALIFIED,2026-09-09T23:00:00Z,2026-09-09T23:25:00Z,Vikram,Meta Ads,Search Intent,,,
SAMPLE-0411,Tara Bhat,CONTACTED,2026-09-02T22:00:00Z,2026-09-02T22:45:00Z,Leena,Referral,Referral Drive,,,
SAMPLE-0412,Vihaan Bhat,APPOINTMENT,2026-09-20T21:00:00Z,2026-09-20T22:00:00Z,Rakesh,Website,Product Launch,2026-09-23T03:00:00Z,,
SAMPLE-0413,Zoya Bhat,CONTACTED,2026-09-13T20:00:00Z,2026-09-13T21:01:00Z,Maya,Organic Search,Local Outreach,,,
SAMPLE-0414,Farhan Bhat,LOST,2026-09-06T19:00:00Z,2026-09-06T20:25:00Z,,WhatsApp,September Follow-up,,,
SAMPLE-0415,Meera Bhat,APPOINTMENT,2026-08-30T18:00:00Z,2026-08-30T20:30:00Z,Aisha,LinkedIn,Q3 Awareness,2026-09-01T18:00:00Z,,
SAMPLE-0416,Reyansh Bhat,NEW,2026-09-17T17:00:00Z,,Vikram,Direct,Search Intent,,,
SAMPLE-0417,Siya Bhat,CONTACTED,2026-09-10T16:00:00Z,2026-09-10T16:12:00Z,Leena,Google Ads,,,,
SAMPLE-0418,Tanvi Bhat,WON,2026-09-03T15:00:00Z,2026-09-03T15:25:00Z,Rakesh,Meta Ads,Product Launch,2026-09-05T18:00:00Z,2026-09-05T18:20:00Z,20661.00
SAMPLE-0419,Yash Bhat,QUALIFIED,2026-09-21T14:00:00Z,2026-09-21T14:45:00Z,,,Local Outreach,,,
SAMPLE-0420,Zain Bhat,QUALIFIED,2026-09-14T13:00:00Z,2026-09-14T14:00:00Z,Imran,Website,September Follow-up,,,
SAMPLE-0421,Aarav Menon,WON,2026-09-08T00:00:00Z,2026-09-08T01:01:00Z,,Organic Search,Q3 Awareness,2026-09-10T06:00:00Z,2026-09-10T06:20:00Z,22860.00
SAMPLE-0422,Anaya Menon,NEW,2026-08-31T23:00:00Z,,Vikram,WhatsApp,Search Intent,,,
SAMPLE-0423,Arjun Menon,QUALIFIED,2026-09-18T22:00:00Z,2026-09-19T00:30:00Z,Leena,LinkedIn,Referral Drive,,,
SAMPLE-0424,Aditi Menon,NEW,2026-09-11T21:00:00Z,,Rakesh,Direct,Product Launch,,,
SAMPLE-0425,Dev Menon,LOST,2026-09-04T20:00:00Z,2026-09-04T20:12:00Z,Maya,Google Ads,Local Outreach,,,
SAMPLE-0426,Diya Menon,CONTACTED,2026-09-22T19:00:00Z,2026-09-22T19:25:00Z,Imran,Meta Ads,September Follow-up,,,
SAMPLE-0427,Ishaan Menon,ATTENDED,2026-09-15T18:00:00Z,2026-09-15T18:45:00Z,Aisha,Referral,Q3 Awareness,2026-09-17T21:00:00Z,2026-09-17T21:20:00Z,
SAMPLE-0428,Isha Menon,WON,2026-09-08T17:00:00Z,2026-09-08T18:00:00Z,,Website,Search Intent,2026-09-10T21:00:00Z,2026-09-10T21:35:00Z,27991.00
SAMPLE-0429,Kabir Menon,ATTENDED,2026-09-01T16:00:00Z,2026-09-01T17:01:00Z,Leena,Organic Search,Referral Drive,2026-09-03T21:00:00Z,2026-09-03T21:50:00Z,
SAMPLE-0430,Kavya Menon,QUALIFIED,2026-09-19T15:00:00Z,2026-09-19T16:25:00Z,Rakesh,,,,,
SAMPLE-0431,Mira Menon,ATTENDED,2026-09-12T14:00:00Z,2026-09-12T16:30:00Z,Maya,LinkedIn,Local Outreach,2026-09-14T21:00:00Z,2026-09-14T21:35:00Z,
SAMPLE-0432,Neel Menon,QUALIFIED,2026-09-05T13:00:00Z,2026-09-05T18:10:00Z,Imran,Direct,September Follow-up,,,
SAMPLE-0433,Nikhil Menon,LOST,2026-08-30T00:00:00Z,2026-08-30T00:12:00Z,Aisha,Google Ads,Q3 Awareness,,,
SAMPLE-0434,Nisha Menon,NEW,2026-09-16T23:00:00Z,,Vikram,Meta Ads,Search Intent,,,
SAMPLE-0435,Priya Menon,APPOINTMENT,2026-09-09T22:00:00Z,2026-09-09T22:45:00Z,,Referral,Referral Drive,2026-09-12T00:00:00Z,,
SAMPLE-0436,Rahul Menon,NEW,2026-09-02T21:00:00Z,,Rakesh,Website,Product Launch,,,
SAMPLE-0437,Riya Menon,NEW,2026-09-20T20:00:00Z,,Maya,Organic Search,Local Outreach,,,
SAMPLE-0438,Rohan Menon,ATTENDED,2026-09-13T19:00:00Z,2026-09-13T20:25:00Z,,WhatsApp,September Follow-up,2026-09-16T00:00:00Z,2026-09-16T00:50:00Z,
SAMPLE-0439,Sahil Menon,ATTENDED,2026-09-06T18:00:00Z,2026-09-06T20:30:00Z,Aisha,LinkedIn,Q3 Awareness,2026-09-09T00:00:00Z,2026-09-09T00:20:00Z,
SAMPLE-0440,Sana Menon,QUALIFIED,2026-08-30T17:00:00Z,2026-08-30T22:10:00Z,Vikram,Direct,Search Intent,,,
SAMPLE-0441,Tara Menon,QUALIFIED,2026-09-17T16:00:00Z,2026-09-17T16:12:00Z,Leena,,Referral Drive,,,
SAMPLE-0442,Vihaan Menon,CONTACTED,2026-09-10T15:00:00Z,2026-09-10T15:25:00Z,,Meta Ads,Product Launch,,,
SAMPLE-0443,Zoya Menon,APPOINTMENT,2026-09-03T14:00:00Z,2026-09-03T14:45:00Z,Maya,Referral,,2026-09-05T15:00:00Z,,
SAMPLE-0444,Farhan Menon,APPOINTMENT,2026-09-21T13:00:00Z,2026-09-21T14:00:00Z,Imran,Website,September Follow-up,2026-09-23T15:00:00Z,,
SAMPLE-0445,Meera Menon,QUALIFIED,2026-09-15T00:00:00Z,2026-09-15T01:01:00Z,Aisha,Organic Search,Q3 Awareness,,,
SAMPLE-0446,Reyansh Menon,NEW,2026-09-07T23:00:00Z,,Vikram,WhatsApp,Search Intent,,,
SAMPLE-0447,Siya Menon,NEW,2026-08-31T22:00:00Z,,Leena,LinkedIn,Referral Drive,,,
SAMPLE-0448,Tanvi Menon,QUALIFIED,2026-09-18T21:00:00Z,2026-09-19T02:10:00Z,Rakesh,Direct,Product Launch,,,
SAMPLE-0449,Yash Menon,QUALIFIED,2026-09-11T20:00:00Z,2026-09-11T20:12:00Z,,Google Ads,Local Outreach,,,
SAMPLE-0450,Zain Menon,QUALIFIED,2026-09-04T19:00:00Z,2026-09-04T19:25:00Z,Imran,Meta Ads,September Follow-up,,,
SAMPLE-0451,Aarav Verma,NEW,2026-09-22T18:00:00Z,,Aisha,Referral,Q3 Awareness,,,
SAMPLE-0452,Anaya Verma,WON,2026-09-15T17:00:00Z,2026-09-15T18:00:00Z,Vikram,,Search Intent,2026-09-17T18:00:00Z,2026-09-17T18:35:00Z,20583.00
SAMPLE-0453,Arjun Verma,APPOINTMENT,2026-09-08T16:00:00Z,2026-09-08T17:01:00Z,Leena,Organic Search,Referral Drive,2026-09-10T18:00:00Z,,
SAMPLE-0454,Aditi Verma,APPOINTMENT,2026-09-01T15:00:00Z,2026-09-01T16:25:00Z,Rakesh,WhatsApp,Product Launch,2026-09-03T18:00:00Z,,
SAMPLE-0455,Dev Verma,APPOINTMENT,2026-09-19T14:00:00Z,2026-09-19T16:30:00Z,Maya,LinkedIn,Local Outreach,2026-09-21T18:00:00Z,,
SAMPLE-0456,Diya Verma,QUALIFIED,2026-09-12T13:00:00Z,2026-09-12T18:10:00Z,,Direct,,,,
SAMPLE-0457,Ishaan Verma,CONTACTED,2026-09-06T00:00:00Z,2026-09-06T00:12:00Z,,Google Ads,Q3 Awareness,,,
SAMPLE-0458,Isha Verma,QUALIFIED,2026-08-29T23:00:00Z,2026-08-29T23:25:00Z,Vikram,Meta Ads,Search Intent,,,
SAMPLE-0459,Kabir Verma,NO_SHOW,2026-09-16T22:00:00Z,2026-09-16T22:45:00Z,Leena,Referral,Referral Drive,2026-09-19T06:00:00Z,,
SAMPLE-0460,Kavya Verma,ATTENDED,2026-09-09T21:00:00Z,2026-09-09T22:00:00Z,Rakesh,Website,Product Launch,2026-09-11T21:00:00Z,2026-09-11T21:20:00Z,
SAMPLE-0461,Mira Verma,CONTACTED,2026-09-02T20:00:00Z,2026-09-02T21:01:00Z,Maya,Organic Search,Local Outreach,,,
SAMPLE-0462,Neel Verma,CONTACTED,2026-09-20T19:00:00Z,2026-09-20T20:25:00Z,Imran,WhatsApp,September Follow-up,,,
SAMPLE-0463,Nikhil Verma,APPOINTMENT,2026-09-13T18:00:00Z,2026-09-13T20:30:00Z,,,Q3 Awareness,2026-09-15T21:00:00Z,,
SAMPLE-0464,Nisha Verma,NEW,2026-09-06T17:00:00Z,,Vikram,Direct,Search Intent,,,
SAMPLE-0465,Priya Verma,NEW,2026-08-30T16:00:00Z,,Leena,Google Ads,Referral Drive,,,
SAMPLE-0466,Rahul Verma,CONTACTED,2026-09-17T15:00:00Z,2026-09-17T15:25:00Z,Rakesh,Meta Ads,Product Launch,,,
SAMPLE-0467,Riya Verma,NEW,2026-09-10T14:00:00Z,,Maya,Referral,Local Outreach,,,
SAMPLE-0468,Rohan Verma,ATTENDED,2026-09-03T13:00:00Z,2026-09-03T14:00:00Z,Imran,Website,September Follow-up,2026-09-05T21:00:00Z,2026-09-05T21:50:00Z,
SAMPLE-0469,Sahil Verma,NEW,2026-09-22T00:00:00Z,,Aisha,Organic Search,,,,
SAMPLE-0470,Sana Verma,NEW,2026-09-14T23:00:00Z,,,WhatsApp,Search Intent,,,
SAMPLE-0471,Tara Verma,NEW,2026-09-07T22:00:00Z,,Leena,LinkedIn,Referral Drive,,,
SAMPLE-0472,Vihaan Verma,APPOINTMENT,2026-08-31T21:00:00Z,2026-09-01T02:10:00Z,Rakesh,Direct,Product Launch,2026-09-03T00:00:00Z,,
SAMPLE-0473,Zoya Verma,CONTACTED,2026-09-18T20:00:00Z,2026-09-18T20:12:00Z,Maya,Google Ads,Local Outreach,,,
SAMPLE-0474,Farhan Verma,CONTACTED,2026-09-11T19:00:00Z,2026-09-11T19:25:00Z,Imran,,September Follow-up,,,
SAMPLE-0475,Meera Verma,CONTACTED,2026-09-04T18:00:00Z,2026-09-04T18:45:00Z,Aisha,Referral,Q3 Awareness,,,
SAMPLE-0476,Reyansh Verma,CONTACTED,2026-09-22T17:00:00Z,2026-09-22T18:00:00Z,,Website,Search Intent,,,
SAMPLE-0477,Siya Verma,NEW,2026-09-15T16:00:00Z,,,Organic Search,Referral Drive,,,
SAMPLE-0478,Tanvi Verma,QUALIFIED,2026-09-08T15:00:00Z,2026-09-08T16:25:00Z,Rakesh,WhatsApp,Product Launch,,,
SAMPLE-0479,Yash Verma,NEW,2026-09-01T14:00:00Z,,Maya,LinkedIn,Local Outreach,,,
SAMPLE-0480,Zain Verma,QUALIFIED,2026-09-19T13:00:00Z,2026-09-19T18:10:00Z,Imran,Direct,September Follow-up,,,
SAMPLE-0481,Aarav Gill,QUALIFIED,2026-09-13T00:00:00Z,2026-09-13T00:12:00Z,Aisha,Google Ads,Q3 Awareness,,,
SAMPLE-0482,Anaya Gill,WON,2026-09-05T23:00:00Z,2026-09-05T23:25:00Z,Vikram,Meta Ads,,2026-09-08T03:00:00Z,2026-09-08T03:35:00Z,17573.00
SAMPLE-0483,Arjun Gill,APPOINTMENT,2026-08-29T22:00:00Z,2026-08-29T22:45:00Z,Leena,Referral,Referral Drive,2026-09-01T03:00:00Z,,
SAMPLE-0484,Aditi Gill,NEW,2026-09-16T21:00:00Z,,,Website,Product Launch,,,
SAMPLE-0485,Dev Gill,NEW,2026-09-09T20:00:00Z,,Maya,,Local Outreach,,,
SAMPLE-0486,Diya Gill,APPOINTMENT,2026-09-02T19:00:00Z,2026-09-02T20:25:00Z,Imran,WhatsApp,September Follow-up,2026-09-05T03:00:00Z,,
SAMPLE-0487,Ishaan Gill,ATTENDED,2026-09-18T18:00:00Z,2026-09-18T20:30:00Z,Aisha,LinkedIn,Q3 Awareness,2026-09-20T18:00:00Z,2026-09-20T18:20:00Z,
SAMPLE-0488,Isha Gill,QUALIFIED,2026-09-13T17:00:00Z,2026-09-13T22:10:00Z,Vikram,Direct,Search Intent,,,
SAMPLE-0489,Kabir Gill,ATTENDED,2026-09-06T16:00:00Z,2026-09-06T16:12:00Z,Leena,Google Ads,Referral Drive,2026-09-08T18:00:00Z,2026-09-08T18:50:00Z,
SAMPLE-0490,Kavya Gill,NEW,2026-08-30T15:00:00Z,,Rakesh,Meta Ads,Product Launch,,,
SAMPLE-0491,Mira Gill,APPOINTMENT,2026-09-17T14:00:00Z,2026-09-17T14:45:00Z,,Referral,Local Outreach,2026-09-19T18:00:00Z,,
SAMPLE-0492,Neel Gill,CONTACTED,2026-09-10T13:00:00Z,2026-09-10T14:00:00Z,Imran,Website,September Follow-up,,,
SAMPLE-0493,Nikhil Gill,QUALIFIED,2026-09-04T00:00:00Z,2026-09-04T01:01:00Z,Aisha,Organic Search,Q3 Awareness,,,
SAMPLE-0494,Nisha Gill,WON,2026-09-18T23:00:00Z,2026-09-19T00:25:00Z,Vikram,WhatsApp,Search Intent,2026-09-21T06:00:00Z,2026-09-21T06:35:00Z,26369.00
SAMPLE-0495,Priya Gill,CONTACTED,2026-09-14T22:00:00Z,2026-09-15T00:30:00Z,,LinkedIn,,,,
SAMPLE-0496,Rahul Gill,NEW,2026-09-07T21:00:00Z,,Rakesh,,Product Launch,,,
SAMPLE-0497,Riya Gill,QUALIFIED,2026-08-31T20:00:00Z,2026-08-31T20:12:00Z,Maya,Google Ads,Local Outreach,,,
SAMPLE-0498,Rohan Gill,WON,2026-09-18T19:00:00Z,2026-09-18T19:25:00Z,,Meta Ads,September Follow-up,2026-09-20T21:00:00Z,2026-09-20T21:50:00Z,29301.00
SAMPLE-0499,Sahil Gill,QUALIFIED,2026-09-11T18:00:00Z,2026-09-11T18:45:00Z,Aisha,Referral,Q3 Awareness,,,
SAMPLE-0500,Sana Gill,CONTACTED,2026-09-04T17:00:00Z,2026-09-04T18:00:00Z,Vikram,Website,Search Intent,,,
